Year,Project Name,Token Ticker,Listing Date (First TT Data),Market Cap at Listing ($),Market Cap 12 Months After ($),FDV at Listing ($),FDV 12 Months After ($),MC / FDV at Listing,MC / FDV 12 Months After,Average Market Cap (Both Dates) ($),Sector / Vertical,Token Price at Listing ($),Token Price 12 Months After ($),Change in Token Price after 12 Months,Qualifies Because,Market Cap 6 Months After ($),Market Cap 24 Months After ($),FDV 6 Months After ($),FDV 24 Months After ($),Token Price 6 Months After ($),Token Price 24 Months After ($)
2013,Litecoin,LTC,4/27/13,"$73,773,387 ","$282,568,098 ","$361,200,000 ","$848,400,000 ",20.40%,33.30%,"$178,170,743 ",Layer 1 (blockchains-l1),$4.30 ,$10.10 ,135%,MC at 12 months > $100M,"$50,528,934.00 ","$53,549,818.00 ","$188,934,480.00 ","$116,725,308.00 ",$2.25 ,$1.39 
2014,,,,,,,,,,,,,,,,N/A,N/A,N/A,N/A,N/A,N/A
2015,Ethereum,ETH,8/7/15,"$80,339,475 ","$931,042,242 ","$82,686,335 ","$1,352,375,991 ",97.20%,68.80%,"$505,690,859 ",Layer 1 (blockchains-l1),$1.30 ,$11.20 ,762%,MC at 12 months > $100M,"$226,795,324.00 ","$25,197,894,463.00 ","$233,420,421.74 ","$25,933,970,104.51 ",$2.95 ,$268.50 
2016,Lisk,LSK,5/25/16,"$48,546,910 ","$116,160,880 ","$48,546,910 ","$108,059,889 ",100.00%,107.50%,"$82,353,895 ",Layer 1 (blockchains-l1),$0.50 ,$1.10 ,120%,MC at 12 months > $100M,"$16,257,607.00 ","$993,852,036.00 ","$16,257,607.00 ","$993,852,036.00 ",$0.16 ,$9.35 
2016,Zcash,ZEC,10/28/16,"$1,371,289 ","$589,302,119 ","$67,029,900,000 ","$4,937,100,000 ",0.00%,11.90%,"$295,336,704 ",Layer 1 (blockchains-l1),"$3,191.90 ",$235.10 ,-93%,MC at 12 months > $100M,"$100,232,386.00 ","$607,161,496.00 ","$1,771,980,000.00 ","$2,496,152,400.00 ",$84.38 ,$118.86 
2017,Gnosis,GNO,4/30/17,"$82,641,226 ","$126,920,304 ","$1,212,777,982 ","$1,149,026,370 ",6.80%,11.00%,"$104,780,765 ",Layer 1 (blockchains-l1),$74.80 ,$114.90 ,54%,MC at 12 months > $100M,"$82,314,807.00 ","$15,990,698.00 ","$1,207,987,712.12 ","$234,666,974.22 ",$74.52 ,$14.48 
2017,Brave,BRAVE,6/7/17,"$224,076,193 ","$315,909,645 ","$336,114,289 ","$414,411,410 ",66.70%,76.20%,"$269,992,919 ",Infrastructure,$0.20 ,$0.30 ,50%,MC at listing > $100M,"$186,671,911.00 ","$418,048,896.00 ","$280,007,866.08 ","$627,073,343.07 ",$0.19 ,$0.33 
2017,Aragon,ANT,6/13/17,"$108,947,236 ","$62,378,249 ","$128,413,231 ","$87,585,543 ",84.80%,71.20%,"$85,662,743 ",Governance (other),$3.20 ,$2.20 ,-31%,MC at listing > $100M,"$89,281,747.00 ","$22,094,412.00 ","$105,234,038.26 ","$26,042,100.16 ",$2.75 ,$0.67 
2017,IOTA,MIOTA,6/13/17,"$1,461,960,661 ","$3,350,415,912 ","$1,461,960,661 ","$3,350,415,912 ",100.00%,100.00%,"$2,406,188,287 ",Layer 1 (blockchains-l1),$0.50 ,$1.20 ,140%,MC at listing > $100M,"$11,079,795,175.00 ","$1,211,588,604.00 ","$11,079,795,175.00 ","$1,211,588,604.00 ",$3.99 ,$0.44 
2017,Bancor,BNT,6/26/17,"$122,394,018 ","$147,367,325 ","$240,697,719 ","$215,099,235 ",50.80%,68.50%,"$134,880,671 ",Exchange (CEX/DEX),$3.00 ,$2.80 ,-7%,MC at listing > $100M,"$212,747,717.00 ","$52,488,494.00 ","$418,385,563.62 ","$103,222,861.59 ",$5.22 ,$0.80 
2017,EOS,EOS,7/8/17,"$447,319,431 ","$7,730,668,950 ","$2,200,000,000 ","$8,600,000,000 ",20.30%,89.90%,"$4,088,994,191 ",Layer 1 (blockchains-l1),$2.20 ,$8.60 ,291%,MC at listing > $100M,"$5,857,804,415.00 ","$6,194,645,792.00 ","$20,818,618,800.00 ","$12,483,662,100.00 ",$9.91 ,$5.94 
2017,BNB Chain,BNB,9/15/17,"$10,725,062 ","$965,043,149 ","$1,778,164 ","$167,666,654 ",603.20%,575.60%,"$487,884,106 ",Layer 1 (blockchains-l1),$0.10 ,$10.10 ,10000%,MC at 12 months > $100M,"$888,364,962.00 ","$3,266,441,900.00 ","$147,286,663.17 ","$541,560,449.22 ",$8.97 ,$21.00 
2017,0x,ZRX,10/16/17,"$110,401,110 ","$499,278,414 ","$220,802,220 ","$865,600,264 ",50.00%,57.70%,"$304,839,762 ",Exchange (CEX/DEX),$0.20 ,$0.90 ,350%,MC at listing > $100M,"$412,353,540.00 ","$190,662,953.00 ","$824,707,080.00 ","$381,325,906.00 ",$0.79 ,$0.32 
2017,Cardano,ADA,10/17/17,"$696,021,404 ","$2,450,912,180 ","$1,208,040,960 ","$3,544,580,878 ",57.60%,69.10%,"$1,573,466,792 ",Layer 1 (blockchains-l1),$0.10 ,$0.10 ,0%,MC at listing > $100M,"$6,642,638,169.00 ","$1,200,535,132.00 ","$11,529,212,958.82 ","$2,083,693,985.62 ",$0.26 ,$0.04 
2017,Chainlink,LINK,11/8/17,"$78,881,828 ","$182,633,853 ","$225,376,652 ","$503,113,530 ",35.00%,36.30%,"$130,757,841 ",Oracles,$0.20 ,$0.50 ,150%,MC at 12 months > $100M,"$200,550,376.00 ","$977,240,390.00 ","$573,001,075.74 ","$2,792,115,407.08 ",$0.57 ,$2.68 
2017,Tron,TRX,11/8/17,"$156,404,162 ","$1,530,190,198 ","$238,682,246 ","$2,307,638,029 ",65.50%,66.30%,"$843,297,180 ",Layer 1 (blockchains-l1),$0.10 ,$0.01 ,-90%,MC at listing > $100M,"$5,461,069,519.00 ","$1,292,913,174.00 ","$8,333,923,609.76 ","$1,973,063,992.08 ",$0.08 ,$0.02 
2018,Huobi,HUOBI,4/26/18,"$108,022,587 ","$88,151,115 ","$1,080,221,546 ","$1,095,810,992 ",10.00%,8.00%,"$98,086,851 ",Exchange (CEX/DEX),$2.20 ,$2.20 ,0%,MC at listing > $100M,"$358,319,714.00 ","$926,080,479.00 ","$3,583,182,796.94 ","$9,260,767,720.23 ",$1.61 ,$3.97 
2018,Tezos,XTZ,7/4/18,"$1,196,384,008 ","$965,798,420 ","$1,503,250,499 ","$1,188,502,513 ",79.60%,81.30%,"$1,081,091,214 ",Layer 1 (blockchains-l1),$2.00 ,$1.20 ,-40%,MC at listing > $100M,"$363,751,948.00 ","$1,634,223,011.00 ","$457,052,496.26 ","$2,053,393,007.88 ",$0.47 ,$2.28 
2018,VeChain,VET,7/26/18,"$1,317,938,664 ","$329,630,754 ","$2,160,555,186 ","$515,285,902 ",61.00%,64.00%,"$823,784,709 ",Layer 1 (blockchains-l1),$0.01 ,$0.01 ,0%,MC at listing > $100M,"$238,329,490.00 ","$1,166,739,251.00 ","$390,704,081.81 ","$1,912,687,295.94 ",$0.00 ,$0.02 
2019,Cosmos,ATOM,3/15/19,"$1,472,326,624 ","$340,950,990 ","$1,472,326,624 ","$453,600,000 ",100.00%,75.20%,"$906,638,807 ",Layer 1 (blockchains-l1),$6.20 ,$1.80 ,-71%,MC at listing > $100M,"$758,949,999.00 ","$4,472,796,553.00 ","$1,569,357,493.37 ","$9,429,491,419.85 ",$3.11 ,$18.67 
2019,Cronos,CRONOS,3/16/19,"$336,514,727 ","$467,850,942 ","$8,393,442,396 ","$3,239,939,385 ",4.00%,14.40%,"$402,182,834 ",Layer 1 (blockchains-l1),$0.10 ,$0.10 ,0%,MC at listing > $100M,"$381,012,658.00 ","$4,479,323,268.00 ","$9,503,321,966.26 ","$111,724,506,556.35 ",$0.04 ,$0.18 
2019,Algorand,ALGO,6/21/19,"$101,085,455 ","$185,201,040 ","$31,723,644,757 ","$2,311,826,842 ",0.30%,8.00%,"$143,143,247 ",Layer 1 (blockchains-l1),$3.20 ,$0.20 ,-94%,MC at listing > $100M,"$122,727,055.00 ","$2,905,806,610.00 ","$38,515,427,317.34 ","$911,929,185,343.06 ",$0.24 ,$0.94 
2019,Hedera,HEDERA,9/17/19,"$181,921,869 ","$191,872,214 ","$5,720,157,781 ","$1,807,471,875 ",3.20%,10.60%,"$186,897,041 ",Layer 1 (blockchains-l1),$0.10 ,$0.10 ,0%,MC at listing > $100M,"$124,208,802.00 ","$4,605,779,511.00 ","$3,905,489,478.17 ","$144,819,232,851.09 ",$0.04 ,$0.48 
2019,Stacks,STACKS,11/6/19,"$78,696,403 ","$135,313,098 ","$368,701,579 ","$278,184,140 ",21.30%,48.60%,"$107,004,750 ",Layer 2 (blockchains-l2),$0.20 ,$0.20 ,0%,MC at 12 months > $100M,"$66,552,992.00 ","$2,102,829,007.00 ","$311,808,320.36 ","$9,851,992,539.58 ",$0.11 ,$1.99 
2020,Kusama,KUSAMA,1/20/20,"$7,259,240 ","$919,516,073 ","$10,884,586 ","$1,022,113,961 ",66.70%,90.00%,"$463,387,656 ",Layer 1 (blockchains-l1),$1.10 ,$102.20 ,9191%,MC at 12 months > $100M,"$80,068,254.00 ","$2,196,644,137.00 ","$120,055,239.46 ","$3,293,672,894.21 ",$9.49 ,$243.95 
2020,Solana,SOL,4/10/20,"$7,827,652 ","$7,243,681,262 ","$467,915,521 ","$13,111,897,232 ",1.70%,55.20%,"$3,625,754,457 ",Layer 1 (blockchains-l1),$1.00 ,$26.80 ,2580%,MC at 12 months > $100M,"$108,143,704.00 ","$37,007,525,656.00 ","$6,464,533,374.76 ","$2,212,208,162,581.59 ",$2.54 ,$113.01 
2020,Kadena,KADENA,4/21/20,"$1,677,344 ","$106,060,157 ","$1,773,326 ","$105,272,940 ",94.60%,100.70%,"$53,868,750 ",Layer 1 (blockchains-l1),$0.10 ,$0.90 ,800%,MC at 12 months > $100M,"$10,212,188.00 ","$924,393,234.00 ","$10,796,556.04 ","$977,289,426.66 ",$0.22 ,$5.39 
2020,Uma,UMA,4/28/20,"$15,431,362 ","$1,504,296,395 ","$139,634,229 ","$2,826,756,186 ",11.10%,53.20%,"$759,863,878 ",Infrastructure,$0.30 ,$25.00 ,8233%,MC at 12 months > $100M,"$398,398,959.00 ","$371,328,975.00 ","$3,605,004,631.11 ","$3,360,055,653.51 ",$7.25 ,$5.62 
2020,Rocketpool,ROCKETPOOL,5/1/20,"$18,713,638 ","$306,040,245 ","$21,280,883 ","$340,985,725 ",87.90%,89.80%,"$162,376,941 ",Liquid Staking,$1.20 ,$18.90 ,1475%,MC at 12 months > $100M,"$45,018,026.00 ","$480,348,079.00 ","$51,193,858.95 ","$546,245,004.23 ",$2.83 ,$29.70 
2020,Helium,HELIUM,5/5/20,"$7,541,812 ","$1,475,045,131 ","$1,949,195,751 ","$4,058,697,486 ",0.40%,36.30%,"$741,293,471 ",DePIN,$0.20 ,$18.20 ,9000%,MC at 12 months > $100M,"$34,925,108.00 ","$1,653,106,789.00 ","$9,026,461,030.43 ","$427,248,614,665.55 ",$0.77 ,$16.45 
2020,Justlend,JUSTLEND,5/7/20,"$3,433,835 ","$206,672,811 ","$89,100,597 ","$1,427,762,044 ",3.90%,14.50%,"$105,053,323 ",Lending,$0.01 ,$0.10 ,900%,MC at 12 months > $100M,"$28,160,841.00 ","$467,594,850.00 ","$730,712,962.36 ","$12,133,075,785.27 ",$0.02 ,$0.06 
2020,Compound,COMP,6/19/20,"$566,780,576 ","$1,460,449,940 ","$2,201,418,163 ","$2,742,219,684 ",25.70%,53.30%,"$1,013,615,258 ",Lending,$220.10 ,$274.20 ,25%,MC at listing > $100M,"$655,856,163.00 ","$196,726,017.00 ","$2,547,394,407.43 ","$764,098,568.82 ",$160.74 ,$28.74 
2020,Balancer,BAL,6/22/20,"$92,723,429 ","$172,430,834 ","$1,519,739,769 ","$898,250,360 ",6.10%,19.20%,"$132,577,131 ",Exchange (CEX/DEX),$15.20 ,$16.10 ,6%,MC at 12 months > $100M,"$133,026,099.00 ","$158,581,563.00 ","$2,180,301,733.29 ","$2,599,156,551.05 ",$12.68 ,$4.61 
2020,Nexusmutual,NEXUSMUTUAL,7/11/20,"$49,776,043 ","$568,797,393 ","$50,351,949 ","$512,553,903 ",98.90%,111.00%,"$309,286,718 ",Insurance,$10.50 ,$82.10 ,682%,MC at 12 months > $100M,"$327,981,359.00 ","$258,542,222.00 ","$331,776,084.76 ","$261,533,540.87 ",$48.74 ,$38.09 
2020,Yearnfinance,YEARNFINANCE,7/17/20,"$1,597,833 ","$989,733,666 ","$23,728,112 ","$1,016,419,296 ",6.70%,97.40%,"$495,665,749 ",Asset Management,$790.90 ,"$27,721.00 ",3405%,MC at 12 months > $100M,"$1,012,361,729.00 ","$197,250,728.00 ","$15,033,756,650.55 ","$2,929,209,351.71 ","$33,855.10 ","$6,258.24 "
2020,Curve,CRV,8/14/20,"$5,940,563 ","$824,077,682 ","$16,792,362,145 ","$4,271,716,019 ",0.00%,19.30%,"$415,009,123 ",Exchange (CEX/DEX),$11.10 ,$2.30 ,-79%,MC at 12 months > $100M,"$738,659,949.00 ","$561,746,873.00 ","$2,087,991,553,261.07 ","$1,587,906,217,851.29 ",$3.29 ,$1.43 
2020,Thesandbox,THESANDBOX,8/16/20,"$32,764,631 ","$567,028,907 ","$183,239,508 ","$1,905,980,681 ",17.90%,29.70%,"$299,896,769 ",Gaming,$0.10 ,$0.60 ,500%,MC at 12 months > $100M,"$158,948,934.00 ","$1,833,053,808.00 ","$888,937,966.78 ","$10,251,538,554.35 ",$0.24 ,$1.32 
2020,Energyweb,ENERGYWEB,8/17/20,"$392,336,221 ","$375,100,376 ","$758,643,137 ","$654,015,415 ",51.70%,57.40%,"$383,718,298 ",Layer 2 (blockchains-l2),$12.90 ,$9.50 ,-26%,MC at listing > $100M,"$521,004,269.00 ","$166,966,682.00 ","$1,007,442,830.58 ","$322,856,062.29 ",$15.72 ,$3.87 
2020,Polkadot,DOT,8/22/20,"$4,028,277,492 ","$28,485,595,630 ","$5,251,286,678 ","$32,534,082,703 ",76.70%,87.60%,"$16,256,936,561 ",Layer 1 (blockchains-l1),$4.50 ,$27.80 ,518%,MC at listing > $100M,"$37,996,210,717.00 ","$8,539,197,111.00 ","$49,532,087,982.75 ","$11,131,748,524.99 ",$39.72 ,$7.46 
2020,SushiSwap,SUSHI,8/27/20,"$6,122,354 ","$2,353,365,859 ","$212,800 ","$2,658,802,562 ",2877.00%,88.50%,"$1,179,744,106 ",Exchange (CEX/DEX),$2.60 ,$12.20 ,369%,MC at 12 months > $100M,"$1,962,640,045.00 ","$204,258,232.00 ","$68,217,192.53 ","$7,099,581.59 ",$15.34 ,$1.07 
2020,Arweave,ARWEAVE,8/31/20,"$260,520,090 ","$2,805,473,538 ","$392,022,222 ","$4,224,955,052 ",66.50%,66.40%,"$1,532,996,814 ",Layer 1 (blockchains-l1),$5.90 ,$64.00 ,985%,MC at listing > $100M,"$487,145,172.00 ","$508,107,839.00 ","$733,040,330.07 ","$764,584,274.71 ",$11.08 ,$10.09 
2020,Elrond,ELROND,9/2/20,"$240,940,944 ","$3,381,726,001 ","$358,812,149 ","$3,503,477,397 ",67.10%,96.50%,"$1,811,333,473 ",Layer 1 (blockchains-l1),$17.60 ,$171.80 ,876%,MC at listing > $100M,"$2,401,831,662.00 ","$1,208,370,696.00 ","$3,576,836,571.95 ","$1,799,520,160.51 ",$138.88 ,$52.83 
2020,Perpetualprotocol,PERPETUALPROTOCOL,9/8/20,"$9,000,641 ","$884,433,469 ","$180,543,521 ","$2,946,999,650 ",5.00%,30.00%,"$446,717,055 ",Derivatives,$1.20 ,$19.60 ,1533%,MC at 12 months > $100M,"$120,957,760.00 ","$46,815,287.00 ","$2,426,287,181.40 ","$939,066,090.03 ",$5.47 ,$0.66 
2020,Hegic,HEGIC,9/11/20,"$8,052,470 ","$113,149,362 ","$351,685,866 ","$579,111,150 ",2.30%,19.50%,"$60,600,916 ",Derivatives,$0.10 ,$0.20 ,100%,MC at 12 months > $100M,"$94,603,588.00 ","$9,336,372.00 ","$4,131,744,020.47 ","$407,759,367.26 ",$0.26 ,$0.01 
2020,Uniswap,UNI,9/16/20,"$219,913,213 ","$13,659,160,597 ","$3,443,832,391 ","$26,308,136,967 ",6.40%,51.90%,"$6,939,536,905 ",Exchange (CEX/DEX),$3.40 ,$26.30 ,674%,MC at listing > $100M,"$15,449,946,475.00 ","$4,438,359,067.00 ","$241,945,562,906.31 ","$69,504,530,943.41 ",$29.67 ,$5.88 
2020,Avalanche,AVAX,9/21/20,"$124,357,933 ","$12,727,023,984 ","$1,902,327,979 ","$21,873,308,667 ",6.50%,58.20%,"$6,425,690,958 ",Layer 1 (blockchains-l1),$5.30 ,$57.90 ,992%,MC at listing > $100M,"$4,421,209,366.00 ","$4,932,167,219.00 ","$67,632,117,027.54 ","$75,448,340,700.63 ",$34.44 ,$16.66 
2020,Secret,SECRET,9/30/20,"$26,125,583 ","$288,466,156 ","$82,430,491 ","$369,142,528 ",31.70%,78.10%,"$157,295,869 ",Layer 1 (blockchains-l1),$0.50 ,$1.90 ,280%,MC at 12 months > $100M,"$196,293,613.00 ","$174,911,238.00 ","$619,338,481.36 ","$551,873,588.04 ",$2.81 ,$0.96 
2020,Aave,AAVE,10/2/20,"$45,070,668 ","$4,130,149,242 ","$898,611,244 ","$5,014,043,459 ",5.00%,82.40%,"$2,087,609,955 ",Lending,$56.20 ,$313.40 ,458%,MC at 12 months > $100M,"$4,793,666,899.00 ","$1,050,640,793.00 ","$95,575,307,990.38 ","$20,947,495,830.21 ",$383.02 ,$74.52 
2020,Dodo,DODO,10/2/20,"$4,975,347 ","$143,200,376 ","$493,586,085 ","$1,372,786,429 ",1.00%,10.40%,"$74,087,862 ",Exchange (CEX/DEX),$0.50 ,$1.40 ,180%,MC at 12 months > $100M,"$441,603,889.00 ","$54,352,389.00 ","$43,809,916,110.83 ","$5,392,102,881.85 ",$4.03 ,$0.13 
2020,Phala,PHALA,10/5/20,"$14,312,160 ","$130,335,194 ","$104,501,933 ","$716,789,993 ",13.70%,18.20%,"$72,323,677 ",Layer 2 (blockchains-l2),$0.10 ,$0.70 ,600%,MC at 12 months > $100M,"$164,409,852.00 ","$38,751,527.00 ","$1,200,458,025.78 ","$282,948,868.53 ",$0.93 ,$0.09 
2020,Venus,VENUS,10/8/20,"$10,016,191 ","$315,431,059 ","$81,021,055 ","$839,281,608 ",12.40%,37.60%,"$162,723,625 ",Lending,$2.70 ,$28.00 ,937%,MC at 12 months > $100M,"$494,550,758.00 ","$75,372,242.00 ","$4,000,425,327.77 ","$609,686,712.70 ",$53.04 ,$5.30 
2020,Alpha,ALPHA,10/9/20,"$9,013,397 ","$421,130,081 ","$51,652,017 ","$1,035,345,639 ",17.50%,40.70%,"$215,071,739 ",Lending,$0.10 ,$1.00 ,900%,MC at 12 months > $100M,"$438,741,142.00 ","$52,723,496.00 ","$2,514,242,402.19 ","$302,136,354.55 ",$1.75 ,$0.12 
2020,Filecoin,FIL,10/14/20,"$915,358,567 ","$7,905,519,801 ","$122,076,840,290 ","$137,799,981,469 ",0.70%,5.70%,"$4,410,439,184 ",Infrastructure,$61.00 ,$70.30 ,15%,MC at listing > $100M,"$10,990,468,386.00 ","$1,537,836,330.00 ","$1,465,744,356,626.55 ","$205,093,617,755.55 ",$164.61 ,$5.16 
2020,Orbs,ORBS,10/16/20,"$29,796,053 ","$341,785,398 ","$132,071,585 ","$1,205,642,447 ",22.60%,28.30%,"$185,790,725 ",Layer 3 (blockchains-l3),$0.01 ,$0.10 ,900%,MC at 12 months > $100M,"$395,822,987.00 ","$94,223,468.00 ","$1,754,493,095.86 ","$417,647,356.28 ",$0.20 ,$0.03 
2020,Akash,AKASH,10/18/20,"$3,037,564 ","$295,883,263 ","$54,118,300 ","$417,390,013 ",5.60%,70.90%,"$149,460,414 ",DePIN,$0.50 ,$2.60 ,420%,MC at 12 months > $100M,"$302,318,685.00 ","$50,574,239.00 ","$5,386,215,167.96 ","$901,048,286.88 ",$6.53 ,$0.26 
2020,Injective,INJ,10/20/20,"$11,633,906 ","$445,201,376 ","$76,791,486 ","$1,358,538,137 ",15.10%,32.80%,"$228,417,641 ",Layer 1 (blockchains-l1),$0.80 ,$13.60 ,1600%,MC at 12 months > $100M,"$165,651,850.00 ","$153,306,766.00 ","$1,093,411,939.22 ","$1,011,926,207.33 ",$12.21 ,$1.97 
2020,PancakeSwap,CAKE,10/20/20,"$20,457,504 ","$4,797,916,410 ","$183,285,449 ","$6,077,896,408 ",11.20%,78.90%,"$2,409,186,957 ",Exchange (CEX/DEX),$0.60 ,$20.50 ,3317%,MC at 12 months > $100M,"$3,494,274,450.00 ","$628,939,958.00 ","$31,306,344,190.25 ","$5,634,878,164.81 ",$22.75 ,$4.42 
2020,Barnbridge,BARNBRIDGE,10/25/20,"$5,155,968 ","$139,189,984 ","$1,768,998,163 ","$293,630,568 ",0.30%,47.40%,"$72,172,976 ",Asset Management,$176.90 ,$29.40 ,-83%,MC at 12 months > $100M,"$57,747,690.00 ","$48,318,016.00 ","$19,813,070,509.26 ","$16,577,775,801.52 ",$42.48 ,$4.88 
2020,Axie,AXIE,11/3/20,"$7,754,756 ","$8,943,596,326 ","$39,338,902 ","$38,277,575,046 ",19.70%,23.40%,"$4,475,675,541 ",Gaming,$0.10 ,$141.80 ,141700%,MC at 12 months > $100M,"$515,324,931.00 ","$945,714,068.00 ","$2,614,178,571.03 ","$4,797,488,540.07 ",$9.33 ,$8.67 
2020,Woo,WOO,11/5/20,"$3,478,280 ","$674,733,446 ","$94,384,911 ","$3,672,552,272 ",3.70%,18.40%,"$339,105,863 ",Exchange (CEX/DEX),$0.10 ,$1.20 ,1100%,MC at 12 months > $100M,"$378,783,300.00 ","$228,191,452.00 ","$10,278,479,035.27 ","$6,192,092,036.29 ",$0.87 ,$0.19 
2020,Rendernetwork,RENDERNETWORK,11/11/20,"$16,556,803 ","$505,047,474 ","$60,153,256 ","$1,494,720,954 ",27.50%,33.80%,"$260,802,138 ",DePIN,$0.10 ,$2.80 ,2700%,MC at 12 months > $100M,"$126,301,357.00 ","$189,435,807.00 ","$458,871,067.12 ","$688,247,640.20 ",$0.77 ,$0.60 
2020,NEAR,NEAR,11/22/20,"$214,628,933 ","$5,222,674,423 ","$1,079,161,351 ","$9,286,434,597 ",19.90%,56.20%,"$2,718,651,678 ",Layer 1 (blockchains-l1),$1.10 ,$9.30 ,745%,MC at listing > $100M,"$1,307,725,646.00 ","$1,295,171,971.00 ","$6,575,287,661.12 ","$6,512,167,369.35 ",$3.40 ,$1.56 
2020,Truefi,TRUEFI,11/24/20,"$38,594,702 ","$240,895,238 ","$184,797,069 ","$536,242,329 ",20.90%,44.90%,"$139,744,970 ",Lending,$0.20 ,$0.40 ,100%,MC at 12 months > $100M,"$121,229,803.00 ","$34,723,121.00 ","$580,465,999.45 ","$166,259,373.82 ",$0.38 ,$0.04 
2020,Api3,API3,11/29/20,"$15,768,990 ","$201,407,589 ","$165,505,881 ","$626,860,234 ",9.50%,32.10%,"$108,588,289 ",Infrastructure,$1.30 ,$5.00 ,285%,MC at 12 months > $100M,"$75,202,325.00 ","$107,416,421.00 ","$789,297,669.18 ","$1,127,405,711.56 ",$3.46 ,$1.54 
2020,Badgerdao,BADGERDAO,12/3/20,"$1,689,250 ","$185,967,851 ","$94,898,434 ","$392,399,577 ",1.80%,47.40%,"$93,828,550 ",Asset Management,$4.50 ,$18.70 ,316%,MC at 12 months > $100M,"$160,354,823.00 ","$45,421,461.00 ","$9,008,389,277.52 ","$2,551,680,046.70 ",$18.09 ,$2.72 
2020,Skalenetwork,SKALENETWORK,12/3/20,"$57,164,924 ","$796,732,165 ","$515,589,715 ","$1,565,160,956 ",11.10%,50.90%,"$426,948,544 ",Layer 1 (blockchains-l1),$0.10 ,$0.30 ,200%,MC at 12 months > $100M,"$406,495,776.00 ","$113,701,601.00 ","$3,666,322,398.97 ","$1,025,513,058.58 ",$0.42 ,$0.03 
2020,Thegraph,THEGRAPH,12/16/20,"$148,533,349 ","$3,221,892,630 ","$1,209,032,089 ","$6,145,750,264 ",12.30%,52.40%,"$1,685,212,989 ",Infrastructure,$0.10 ,$0.60 ,500%,MC at listing > $100M,"$885,514,925.00 ","$472,895,674.00 ","$7,207,916,382.56 ","$3,849,277,273.18 ",$0.72 ,$0.06 
2020,Beefy,BEEFY,12/21/20,"$5,758,996 ","$104,301,598 ","$6,222,887 ","$106,527,116 ",92.50%,97.90%,"$55,030,297 ",Asset Management,$77.80 ,"$1,331.60 ",1612%,MC at 12 months > $100M,"$111,301,568.00 ","$26,166,331.00 ","$120,266,984.14 ","$28,274,046.56 ","$1,467.80 ",$327.18 
2020,1inch,1INCH,12/24/20,"$151,190,931 ","$1,160,629,059 ","$3,534,458,302 ","$4,128,772,242 ",4.30%,28.10%,"$655,909,995 ",DEX Aggregator,$2.40 ,$2.80 ,17%,MC at listing > $100M,"$450,506,858.00 ","$305,482,945.00 ","$10,531,701,166.43 ","$7,141,412,014.15 ",$2.61 ,$0.40 
2020,Fraxstablecoin,FRAXSTABLECOIN,12/27/20,"$9,808,922 ","$833,324,163 ","$392,490,257 ","$2,328,982,072 ",2.50%,35.80%,"$421,566,543 ",Stablecoin Issuer,$3.90 ,$23.40 ,500%,MC at 12 months > $100M,"$29,365,316.00 ","$343,903,504.00 ","$1,175,011,935.43 ","$13,760,816,394.32 ",$1.81 ,$4.73 
2021,Lido,LDO,1/4/21,"$5,193,326 ","$221,113,678 ","$1,750,891,483 ","$3,308,805,579 ",0.30%,6.70%,"$113,153,502 ",Liquid Staking,$1.80 ,$3.30 ,83%,MC at 12 months > $100M,"$45,556,464.00 ","$995,022,105.00 ","$15,359,025,182.17 ","$335,464,349,636.67 ",$1.62 ,$1.20 
2021,Flow,FLOW,1/26/21,"$161,821,128 ","$1,588,010,630 ","$8,670,155,994 ","$6,821,296,012 ",1.90%,23.30%,"$874,915,879 ",Layer 1 (blockchains-l1),$6.90 ,$5.00 ,-28%,MC at listing > $100M,"$1,066,284,989.00 ","$1,171,711,990.00 ","$57,130,099,777.15 ","$62,778,735,131.18 ",$20.01 ,$1.13 
2021,Celo,CELO,2/3/21,"$289,530,109 ","$1,239,472,593 ","$2,964,360,402 ","$3,027,997,225 ",9.80%,40.90%,"$764,501,351 ",Layer 2 (blockchains-l2),$3.00 ,$3.00 ,0%,MC at listing > $100M,"$352,899,410.00 ","$367,528,504.00 ","$3,613,168,386.90 ","$3,762,948,688.23 ",$2.65 ,$0.75 
2021,Raydium,RAYDIUM,2/22/21,"$132,460,778 ","$230,568,937 ","$6,749,549,642 ","$1,530,044,274 ",2.00%,15.10%,"$181,514,858 ",Exchange (CEX/DEX),$12.20 ,$2.80 ,-77%,MC at listing > $100M,"$436,162,750.00 ","$52,636,015.00 ","$22,224,708,155.62 ","$2,682,072,395.80 ",$7.43 ,$0.29 
2021,Alchemix,ALCHEMIX,3/1/21,"$33,382,027 ","$163,383,534 ","$502,684,938 ","$142,216,258 ",6.60%,114.90%,"$98,382,780 ",Asset Management,"$1,050.30 ",$141.20 ,-87%,MC at 12 months > $100M,"$226,180,161.00 ","$37,753,903.00 ","$3,405,945,367.22 ","$568,519,053.35 ",$364.92 ,$22.01 
2021,Illuvium,ILLUVIUM,3/30/21,"$6,615,161 ","$417,174,029 ","$332,544,431 ","$4,559,381,269 ",2.00%,9.10%,"$211,894,595 ",Gaming,$46.70 ,$639.90 ,1270%,MC at 12 months > $100M,"$298,588,592.00 ","$148,056,277.00 ","$15,010,061,498.08 ","$7,442,795,480.10 ",$471.81 ,$59.90 
2021,Conflux,CONFLUX,4/27/21,"$835,560,689 ","$268,580,351 ","$5,351,493,910 ","$838,910,855 ",15.60%,32.00%,"$552,070,520 ",Layer 1 (blockchains-l1),$1.00 ,$0.20 ,-80%,MC at listing > $100M,"$344,434,300.00 ","$671,666,054.00 ","$2,205,989,442.91 ","$4,301,802,184.87 ",$0.34 ,$0.32 
2021,Convexfinance,CONVEXFINANCE,5/16/21,"$3,288,159 ","$684,683,012 ","$243,260,865 ","$563,486,509 ",1.40%,121.50%,"$343,985,585 ",Asset Management,$4.90 ,$11.00 ,124%,MC at 12 months > $100M,"$1,096,500,034.00 ","$361,914,595.00 ","$81,120,026,964.44 ","$26,774,756,766.88 ",$29.85 ,$4.69 
2021,Internetcomputer,INTERNETCOMPUTER,5/21/21,"$17,845,405,572 ","$1,875,380,861 ","$67,287,734,256 ","$3,935,563,939 ",26.50%,47.70%,"$9,860,393,217 ",Layer 1 (blockchains-l1),$143.40 ,$8.00 ,-94%,MC at listing > $100M,"$7,979,476,533.00 ","$2,277,077,454.00 ","$30,087,346,252.13 ","$8,585,928,853.61 ",$43.76 ,$5.22 
2021,Abracadabra,ABRACADABRA,5/27/21,"$14,891,844 ","$111,455,606 ","$15,401,586 ","$239,289,466 ",96.70%,46.60%,"$63,173,725 ",Stablecoin Issuer,$0.01 ,$0.01 ,0%,MC at 12 months > $100M,"$945,515,187.00 ","$67,292,272.00 ","$977,879,802.32 ","$69,595,660.17 ",$0.01 ,$0.00 
2021,Kyber,KYBER,5/29/21,"$57,929,074 ","$196,024,745 ","$167,693,231 ","$208,989,371 ",34.50%,93.80%,"$126,976,909 ",DEX Aggregator,$1.50 ,$1.90 ,27%,MC at 12 months > $100M,"$207,824,616.00 ","$110,350,126.00 ","$601,611,227.87 ","$319,441,825.88 ",$2.03 ,$0.64 
2021,Mina,MINA,5/31/21,"$479,212,619 ","$506,463,568 ","$3,575,611,491 ","$1,053,780,568 ",13.40%,48.10%,"$492,838,093 ",Layer 1 (blockchains-l1),$3.30 ,$1.00 ,-70%,MC at listing > $100M,"$1,477,853,740.00 ","$515,807,858.00 ","$11,026,902,475.54 ","$3,848,664,311.18 ",$4.80 ,$0.57 
2021,Osmosis,OSMOSIS,7/7/21,"$335,523,516 ","$361,046,676 ","$947,550,870 ","$286,118,229 ",35.40%,126.20%,"$348,285,096 ",Exchange (CEX/DEX),$2.90 ,$0.90 ,-69%,MC at listing > $100M,"$2,260,271,032.00 ","$297,918,650.00 ","$6,383,224,068.29 ","$841,351,090.27 ",$8.51 ,$0.49 
2021,Deso,DESO,7/15/21,"$1,068,158,445 ","$85,704,811 ","$1,092,838,922 ","$88,047,051 ",97.70%,97.30%,"$576,931,628 ",Layer 1 (blockchains-l1),$101.10 ,$8.10 ,-92%,MC at listing > $100M,"$745,945,501.00 ","$96,759,976.00 ","$763,181,043.97 ","$98,995,676.49 ",$70.94 ,$9.20 
2021,Shapeshift,SHAPESHIFT,7/16/21,"$214,929,474 ","$32,718,199 ","$652,097,598 ","$78,763,754 ",33.00%,41.50%,"$123,823,836 ",Exchange (CEX/DEX),$0.70 ,$0.10 ,-86%,MC at listing > $100M,"$85,166,589.00 ","$10,568,339.00 ","$258,396,054.68 ","$32,064,417.92 ",$0.44 ,$0.02 
2021,Coin98,COIN98,7/22/21,"$135,654,496 ","$87,897,001 ","$74,232,637 ","$475,051,279 ",182.70%,18.50%,"$111,775,749 ",Exchange (CEX/DEX),$0.70 ,$0.50 ,-29%,MC at listing > $100M,"$338,757,213.00 ","$77,885,176.00 ","$185,374,181.95 ","$42,620,201.82 ",$1.83 ,$0.15 
2021,Ygg,YGG,7/27/21,"$126,641,480 ","$150,300,715 ","$1,440,642,507 ","$813,626,106 ",8.80%,18.50%,"$138,471,098 ",Gaming,$1.40 ,$0.80 ,-43%,MC at listing > $100M,"$241,339,190.00 ","$30,566,922.00 ","$2,745,415,607.26 ","$347,721,829.70 ",$2.72 ,$0.17 
2021,Metis,METIS,8/23/21,"$12,355,654 ","$151,222,716 ","$55,253,511 ","$187,762,122 ",22.40%,80.50%,"$81,789,185 ",Layer 2 (blockchains-l2),$11.20 ,$34.70 ,210%,MC at 12 months > $100M,"$267,274,766.00 ","$52,823,643.00 ","$1,195,231,690.95 ","$236,223,168.73 ",$107.83 ,$12.13 
2021,Staratlas,STARATLAS,9/4/21,"$315,089,414 ","$8,178,337 ","$5,266,558,699 ","$136,586,013 ",6.00%,6.00%,"$161,633,875 ",Gaming,$14.60 ,$0.40 ,-97%,MC at listing > $100M,"$67,257,197.00 ","$19,883,745.00 ","$1,124,169,712.44 ","$332,346,646.84 ",$0.03 ,$0.00 
2021,dYdX,DYDX,9/7/21,"$669,948,674 ","$181,585,999 ","$12,600,000,000 ","$1,500,000,000 ",5.30%,12.10%,"$425,767,336 ",Derivatives,$12.60 ,$1.50 ,-88%,MC at listing > $100M,"$413,210,771.00 ","$357,259,141.00 ","$4,843,712,000.00 ","$2,047,153,000.00 ",$4.84 ,$2.05 
2021,GMX,GMX,9/20/21,"$77,713,208 ","$317,314,455 ","$77,832,940 ","$315,737,725 ",99.80%,100.50%,"$197,513,832 ",Derivatives,$12.00 ,$39.50 ,229%,MC at 12 months > $100M,"$225,695,183.00 ","$325,960,535.00 ","$226,042,909.42 ","$326,462,739.29 ",$30.19 ,$36.16 
2021,Ribbon,RIBBON,10/6/21,"$160,538,224 ","$146,781,161 ","$4,412,340,763 ","$273,931,519 ",3.60%,53.60%,"$153,659,692 ",Asset Management,$4.40 ,$0.30 ,-93%,MC at listing > $100M,"$70,597,749.00 ","$133,940,649.00 ","$1,940,356,121.60 ","$3,681,315,082.98 ",$1.35 ,$0.17 
2021,Synapse,SYNAPSE,10/12/21,"$210,473,614 ","$192,792,871 ","$19,757,023 ","$188,915,963 ",1065.30%,102.10%,"$201,633,243 ",Bridge / Interoperability,$2.90 ,$1.00 ,-66%,MC at listing > $100M,"$465,980,188.00 ","$53,124,879.00 ","$43,741,261.04 ","$4,986,798.28 ",$2.56 ,$0.28 
2021,Klimadao,KLIMADAO,10/25/21,"$1,007,780,083 ","$18,131,108 ","$1,176,804,584 ","$20,923,606 ",85.60%,86.70%,"$512,955,595 ",Infrastructure,"$3,637.00 ",$2.40 ,-100%,MC at listing > $100M,"$90,547,009.00 ","$5,956,698.00 ","$105,733,519.70 ","$6,955,753.17 ",$18.09 ,$0.67 
2021,Dfk,DFK,10/27/21,"$243,764,869 ","$20,360,571 ","$1,895,630,142 ","$71,451,514 ",12.90%,28.50%,"$132,062,720 ",Layer 1 (blockchains-l1),$4.80 ,$0.20 ,-96%,MC at listing > $100M,"$244,745,127.00 ","$7,350,624.00 ","$1,903,253,088.73 ","$57,161,905.54 ",$2.92 ,$0.10 
2021,Ens,ENS,11/8/21,"$593,412,743 ","$347,828,070 ","$4,343,642,546 ","$1,340,290,807 ",13.70%,26.00%,"$470,620,407 ",Infrastructure,$43.40 ,$13.40 ,-69%,MC at listing > $100M,"$456,860,114.00 ","$217,719,591.00 ","$3,344,109,226.08 ","$1,593,656,505.90 ",$18.32 ,$8.48 
2021,Immutable,IMMUTABLE,11/10/21,"$951,795,211 ","$337,255,184 ","$10,372,057,849 ","$987,828,539 ",9.20%,34.10%,"$644,525,198 ",Layer 2 (blockchains-l2),$5.20 ,$0.50 ,-90%,MC at listing > $100M,"$273,388,480.00 ","$1,128,697,934.00 ","$2,979,213,487.35 ","$12,299,831,024.78 ",$1.16 ,$0.90 
2021,Paraswap,PARASWAP,11/14/21,"$105,665,065 ","$11,246,611 ","$3,101,398,118 ","$54,930,792 ",3.40%,20.50%,"$58,455,838 ",DEX Aggregator,$1.60 ,$0.01 ,-99%,MC at listing > $100M,"$16,450,585.00 ","$26,369,300.00 ","$482,844,669.23 ","$773,971,012.96 ",$0.04 ,$0.03 
2021,Vvs,VVS,11/16/21,"$56,140,985 ","$113,338,703 ","$11,561,020,372 ","$322,003,267 ",0.50%,35.20%,"$84,739,844 ",Exchange (CEX/DEX),$0.01 ,$0.01 ,0%,MC at 12 months > $100M,"$172,990,371.00 ","$145,590,564.00 ","$35,623,621,553.68 ","$29,981,224,525.63 ",$0.00 ,$0.00 
2021,Swarm,SWARM,11/24/21,"$156,042,679 ","$29,643,709 ","$162,788,775 ","$32,328,832 ",95.90%,91.70%,"$92,843,194 ",Infrastructure,$2.30 ,$0.50 ,-78%,MC at listing > $100M,"$33,281,548.00 ","$20,084,258.00 ","$34,720,388.45 ","$20,952,548.22 ",$0.53 ,$0.32 
2021,Bobanetwork,BOBANETWORK,12/6/21,"$577,452,416 ","$62,434,801 ","$1,862,732,194 ","$98,935,438 ",31.00%,63.10%,"$319,943,608 ",Layer 2 (blockchains-l2),$3.70 ,$0.20 ,-95%,MC at listing > $100M,"$69,756,996.00 ","$66,052,251.00 ","$225,020,449.49 ","$213,069,771.66 ",$0.44 ,$0.19 
2021,Biconomy,BICONOMY,12/7/21,"$410,103,792 ","$72,393,249 ","$6,250,867,438 ","$292,592,555 ",6.60%,24.70%,"$241,248,521 ",Infrastructure,$6.30 ,$0.30 ,-95%,MC at listing > $100M,"$104,133,587.00 ","$218,887,321.00 ","$1,587,220,749.67 ","$3,336,315,474.57 ",$0.72 ,$0.31 
2021,Biswap,BISWAP,12/13/21,"$232,691,085 ","$72,052,628 ","$672,725,160 ","$88,375,607 ",34.60%,81.50%,"$152,371,857 ",Exchange (CEX/DEX),$1.50 ,$0.20 ,-87%,MC at listing > $100M,"$104,367,430.00 ","$36,751,240.00 ","$301,733,072.61 ","$106,250,240.78 ",$0.39 ,$0.10 
2022,Moonbeam,MOONBEAM,1/12/22,"$668,557,447 ","$193,193,031 ","$8,974,377,050 ","$356,247,438 ",7.40%,54.20%,"$430,875,239 ",Layer 2 (blockchains-l2),$8.90 ,$0.40 ,-96%,MC at listing > $100M,"$198,352,342.00 ","$359,680,447.00 ","$2,662,581,523.62 ","$4,828,168,414.51 ",$0.60 ,$0.44 
2022,Aurora,AURORA,1/14/22,"$694,637,027 ","$28,672,011 ","$34,950,482,552 ","$225,402,150 ",2.00%,12.70%,"$361,654,519 ",Layer 2 (blockchains-l2),$35.00 ,$0.20 ,-99%,MC at listing > $100M,"$74,086,951.00 ","$110,608,110.00 ","$3,727,665,798.98 ","$5,565,218,478.72 ",$1.42 ,$0.28 
2022,Pocketnetwork,POCKETNETWORK,1/16/22,"$1,710,033,818 ","$81,119,798 ","$2,170,070,389 ","$48,801,343 ",78.80%,166.20%,"$895,576,808 ",Infrastructure,$2.60 ,$0.10 ,-96%,MC at listing > $100M,"$104,309,452.00 ","$320,764,098.00 ","$132,370,980.44 ","$407,056,669.64 ",$0.09 ,$0.21 
2022,Acala,ACALA,1/24/22,"$135,505,377 ","$81,336,551 ","$1,991,232,589 ","$132,573,498 ",6.80%,61.40%,"$108,420,964 ",Layer 2 (blockchains-l2),$2.00 ,$0.10 ,-95%,MC at listing > $100M,"$137,405,201.00 ","$70,307,344.00 ","$2,019,150,237.33 ","$1,033,156,600.26 ",$0.29 ,$0.08 
2022,Ronin,RONIN,1/26/22,"$527,135,132 ","$110,011,975 ","$3,557,233,552 ","$741,847,765 ",14.80%,14.80%,"$318,573,554 ",Layer 1 (blockchains-l1),$3.60 ,$0.70 ,-81%,MC at listing > $100M,"$60,943,002.00 ","$636,450,474.00 ","$411,257,907.72 ","$4,294,919,543.13 ",$0.41 ,$2.22 
2022,Aliagents,ALIAGENTS,2/16/22,"$26,899,636 ","$220,795,182 ","$478,584,887 ","$618,059,819 ",5.60%,35.70%,"$123,847,409 ",Infrastructure,$0.10 ,$0.10 ,0%,MC at 12 months > $100M,"$27,255,485.00 ","$85,585,081.00 ","$484,915,974.66 ","$1,522,687,010.31 ",$0.02 ,$0.02 
2022,Bitdao,BITDAO,2/21/22,"$1,224,789,363 ","$804,064,450 ","$14,232,252,130 ","$5,860,067,997 ",8.60%,13.70%,"$1,014,426,906 ",Asset Management,$1.40 ,$0.60 ,-57%,MC at listing > $100M,"$483,975,707.00 ",N/A,"$5,623,876,639.45 ",N/A,$0.46 ,$0.77 
2022,Worldmobilechain,WORLDMOBILECHAIN,3/1/22,"$180,119,326 ","$70,706,104 ","$1,536,566,832 ","$387,163,436 ",11.70%,18.30%,"$125,412,715 ",Infrastructure,$0.80 ,$0.20 ,-75%,MC at listing > $100M,"$54,958,910.00 ","$113,138,113.00 ","$468,844,960.20 ","$965,161,683.27 ",$0.20 ,$0.21 
2022,Apechain,APECHAIN,3/16/22,"$946,081,402 ","$1,524,867,683 ","$8,536,838,712 ","$4,140,668,749 ",11.10%,36.80%,"$1,235,474,543 ",Layer 3 (blockchains-l3),$8.50 ,$4.10 ,-52%,MC at listing > $100M,"$1,541,335,994.00 ","$1,343,802,599.00 ","$13,908,038,731.09 ","$12,125,622,619.98 ",$4.90 ,$2.19 
2022,Cowswap,COWSWAP,3/27/22,"$110,969,567 ","$11,677,268 ","$1,549,667,481 ","$81,281,355 ",7.20%,14.40%,"$61,323,417 ",DEX Aggregator,$1.50 ,$0.10 ,-93%,MC at listing > $100M,"$9,628,528.00 ","$71,282,228.00 ","$134,460,439.33 ","$995,441,846.73 ",$0.09 ,$0.33 
2022,Onyx,ONYX,4/11/22,"$1,487,721,255 ","$98,369,390 ","$6,557,083,300 ","$202,319,534 ",22.70%,48.60%,"$793,045,322 ",Lending,$0.10 ,$0.01 ,-90%,MC at listing > $100M,"$1,545,639,683.00 ","$69,674,156.00 ","$6,812,356,897.61 ","$307,086,588.44 ",$0.07 ,$0.00 
2022,Evmos,EVMOS,5/5/22,"$811,488,058 ","$143,084,077 ","$1,599,084,796 ","$288,826,983 ",50.70%,49.50%,"$477,286,068 ",Layer 1 (blockchains-l1),$4.00 ,$0.30 ,-93%,MC at listing > $100M,"$660,605,614.00 ","$21,283,313.00 ","$1,301,762,093.83 ","$41,940,016.11 ",$1.94 ,$0.04 
2022,Ssvnetwork,SSVNETWORK,5/22/22,"$58,248,836 ","$175,989,394 ","$90,202,705 ","$263,454,707 ",64.60%,66.80%,"$117,119,115 ",Liquid Staking,$8.50 ,$24.90 ,193%,MC at 12 months > $100M,"$72,230,615.00 ","$328,191,628.00 ","$111,854,541.73 ","$508,229,428.03 ",$10.35 ,$46.33 
2022,Optimism,OP,6/1/22,"$266,010,908 ","$894,471,947 ","$5,315,463,773 ","$5,962,890,946 ",5.00%,15.00%,"$580,241,427 ",Layer 2 (blockchains-l2),$1.20 ,$1.40 ,17%,MC at listing > $100M,"$216,703,381.00 ","$2,677,954,593.00 ","$4,330,194,501.62 ","$53,511,229,038.89 ",$1.01 ,$2.46 
2022,Stargate,STARGATE,6/15/22,"$57,770,189 ","$112,179,856 ","$433,456,529 ","$548,754,729 ",13.30%,20.40%,"$84,975,023 ",Bridge / Interoperability,$0.40 ,$0.50 ,25%,MC at 12 months > $100M,"$53,494,770.00 ","$106,402,485.00 ","$401,377,556.92 ","$798,350,371.07 ",$0.39 ,$0.52 
2022,Terra,LUNA,6/15/22,"$314,620,254 ","$171,310,604 ","$2,529,858,295 ","$588,420,177 ",12.40%,29.10%,"$242,965,429 ",Layer 1 (blockchains-l1),$2.50 ,$0.60 ,-76%,MC at listing > $100M,"$288,494,274.00 ","$338,079,731.00 ","$2,319,779,552.84 ","$2,718,495,713.38 ",$1.63 ,$0.49 
2022,Sweatcoin,SWEATCOIN,9/14/22,"$152,274,051 ","$55,458,462 ","$1,579,879,198 ","$159,600,488 ",9.60%,34.70%,"$103,866,256 ",Social,$0.10 ,$0.01 ,-90%,MC at listing > $100M,"$37,125,848.00 ","$58,354,559.00 ","$385,189,430.36 ","$605,442,314.48 ",$0.01 ,$0.01 
2022,Aptos,APT,10/19/22,"$941,159,623 ","$1,202,978,320 ","$7,206,074,756 ","$5,210,214,812 ",13.10%,23.10%,"$1,072,068,971 ",Layer 1 (blockchains-l1),$7.20 ,$4.90 ,-32%,MC at listing > $100M,"$2,378,350,922.00 ","$5,182,069,441.00 ","$18,210,061,419.02 ","$39,676,988,759.46 ",$12.69 ,$10.03 
2022,Alephzero,ALEPHZERO,10/20/22,"$170,591,638 ","$181,016,619 ","$274,029,945 ","$254,111,234 ",62.30%,71.20%,"$175,804,128 ",Layer 2 (blockchains-l2),$0.90 ,$0.70 ,-22%,MC at listing > $100M,"$314,987,813.00 ","$132,244,889.00 ","$505,980,797.68 ","$212,431,629.62 ",$1.40 ,$0.39 
2022,Ton,TON,11/2/22,"$2,295,567,920 ","$7,700,126,110 ","$7,879,448,868 ","$11,361,775,121 ",29.10%,67.80%,"$4,997,847,015 ",Layer 1 (blockchains-l1),$1.60 ,$2.20 ,38%,MC at listing > $100M,"$3,086,248,906.00 ","$12,442,694,124.00 ","$10,593,431,035.90 ","$42,709,070,498.87 ",$2.09 ,$4.89 
2022,Hashflow,HASHFLOW,11/6/22,"$179,227,812 ","$48,480,443 ","$1,023,494,688 ","$276,872,594 ",17.50%,17.50%,"$113,854,127 ",DEX Aggregator,$1.00 ,$0.30 ,-70%,MC at listing > $100M,"$94,812,481.00 ","$53,743,879.00 ","$541,434,220.37 ","$306,908,699.35 ",$0.54 ,$0.12 
2022,Axelar,AXELAR,11/29/22,"$45,075,645 ","$363,912,159 ","$563,149,522 ","$839,688,819 ",8.00%,43.30%,"$204,493,902 ",Infrastructure,$0.60 ,$0.80 ,33%,MC at 12 months > $100M,"$128,939,564.00 ","$814,547,491.00 ","$1,610,897,721.67 ","$10,176,493,984.79 ",$0.47 ,$0.95 
2023,Stride,STRIDE,1/26/23,"$24,873,832 ","$335,574,327 ","$24,878,451 ","$336,062,560 ",100.00%,99.90%,"$180,224,080 ",Liquid Staking,$0.30 ,$3.80 ,1167%,MC at 12 months > $100M,"$77,886,576.00 ","$42,296,644.00 ","$77,901,039.32 ","$42,304,498.37 ",$0.90 ,$0.46 
2023,Blur,BLUR,2/13/23,"$235,348,890 ","$908,140,153 ","$1,954,451,041 ","$2,080,718,875 ",12.00%,43.60%,"$571,744,522 ",NFT,$0.70 ,$0.70 ,0%,MC at listing > $100M,"$239,867,369.00 ","$319,235,046.00 ","$1,991,974,676.59 ","$2,651,082,263.35 ",$0.29 ,$0.15 
2023,Hookedprotocol,HOOKEDPROTOCOL,2/20/23,"$130,044,762 ","$135,631,802 ","$1,306,476,042 ","$527,880,524 ",10.00%,25.70%,"$132,838,282 ",Social,$2.60 ,$1.10 ,-58%,MC at listing > $100M,"$39,307,800.00 ","$45,739,921.00 ","$394,900,172.63 ","$459,519,553.35 ",$0.79 ,$0.20 
2023,Echelon,ECHELON,3/6/23,"$54,129,304 ","$511,326,635 ","$356,673,597 ","$1,592,067,379 ",15.20%,32.10%,"$282,727,969 ",Infrastructure,$3.20 ,$14.30 ,347%,MC at 12 months > $100M,"$82,293,912.00 ","$253,090,147.00 ","$542,258,322.85 ","$1,667,683,979.38 ",$3.58 ,$4.50 
2023,Spaceid,SPACEID,3/21/23,"$126,465,001 ","$721,885,753 ","$882,411,620 ","$3,350,100,678 ",14.30%,21.50%,"$424,175,377 ",Infrastructure,$0.40 ,$1.70 ,325%,MC at listing > $100M,"$57,232,197.00 ","$115,435,025.00 ","$399,338,593.85 ","$805,449,781.44 ",$0.20 ,$0.27 
2023,Arbitrum,ARB,3/22/23,"$1,712,523,159 ","$4,472,212,946 ","$13,450,629,002 ","$16,852,971,596 ",12.70%,26.50%,"$3,092,368,052 ",Layer 2 (blockchains-l2),$1.30 ,$1.70 ,31%,MC at listing > $100M,"$1,049,120,590.00 ","$1,660,675,971.00 ","$8,240,082,337.16 ","$13,043,406,894.13 ",$0.82 ,$0.36 
2023,Smardex,SMARDEX,3/28/23,"$22,450,167 ","$171,226,499 ","$38,641,697 ","$208,849,767 ",58.10%,82.00%,"$96,838,333 ",Exchange (CEX/DEX),$0.01 ,$0.01 ,0%,MC at 12 months > $100M,"$56,404,093.00 ","$43,411,783.00 ","$97,083,904.60 ","$74,721,268.88 ",$0.01 ,$0.00 
2023,Chaingpt,CHAINGPT,4/19/23,"$9,125,019 ","$107,153,539 ","$106,703,893 ","$247,145,001 ",8.60%,43.40%,"$58,139,279 ",Infrastructure,$0.10 ,$0.20 ,100%,MC at 12 months > $100M,"$9,677,558.00 ","$54,408,551.00 ","$113,165,037.06 ","$636,229,272.97 ",$0.04 ,$0.07 
2023,Sui,SUI,5/2/23,"$739,983,995 ","$2,686,467,164 ","$14,005,671,793 ","$11,478,890,617 ",5.30%,23.40%,"$1,713,225,579 ",Layer 1 (blockchains-l1),$1.40 ,$1.10 ,-21%,MC at listing > $100M,"$448,993,274.00 ","$11,838,452,396.00 ","$8,498,092,493.08 ","$224,066,304,022.47 ",$0.47 ,$3.55 
2023,Maverick,MAVERICK,6/27/23,"$129,844,097 ","$67,647,940 ","$1,038,130,727 ","$541,701,980 ",12.50%,12.50%,"$98,746,018 ",Exchange (CEX/DEX),$0.50 ,$0.30 ,-40%,MC at listing > $100M,"$108,272,080.00 ","$25,319,682.00 ","$865,657,936.87 ","$202,436,156.05 ",$0.43 ,$0.04 
2023,Arkham,ARKHAM,7/20/23,"$87,832,163 ","$397,291,245 ","$586,083,439 ","$1,641,816,398 ",15.00%,24.20%,"$242,561,704 ",Infrastructure,$0.60 ,$1.60 ,167%,MC at 12 months > $100M,"$89,834,253.00 ","$267,962,866.00 ","$599,442,916.35 ","$1,788,053,403.96 ",$0.53 ,$0.58 
2023,Worldcoin,WORLDCOIN,7/23/23,"$228,624,084 ","$646,613,439 ","$21,862,579,248 ","$22,732,046,751 ",1.00%,2.80%,"$437,618,762 ",Infrastructure,$2.20 ,$2.30 ,5%,MC at listing > $100M,"$263,563,941.00 ","$2,468,861,873.00 ","$25,203,764,390.05 ","$236,089,249,244.75 ",$2.26 ,$1.39 
2023,Mantle,MANTLE,7/24/23,"$1,800,199,304 ","$2,907,072,749 ","$3,464,065,200 ","$5,534,004,867 ",52.00%,52.50%,"$2,353,636,027 ",Layer 2 (blockchains-l2),$0.60 ,$0.90 ,50%,MC at listing > $100M,"$1,957,688,694.00 ","$2,659,283,991.00 ","$3,767,116,931.03 ","$5,117,174,031.60 ",$0.62 ,$0.79 
2023,Seinetwork,SEINETWORK,8/14/23,"$315,088,294 ","$933,871,935 ","$1,755,525,039 ","$2,946,181,557 ",17.90%,31.70%,"$624,480,114 ",Layer 1 (blockchains-l1),$0.20 ,$0.30 ,50%,MC at listing > $100M,"$1,836,971,547.00 ","$2,060,277,618.00 ","$10,234,748,824.69 ","$11,478,906,117.95 ",$0.76 ,$0.36 
2023,Bananagun,BANANAGUN,9/17/23,"$29,141,443 ","$131,957,894 ","$120,131,685 ","$322,597,708 ",24.30%,40.90%,"$80,549,669 ",Infrastructure,$12.00 ,$38.20 ,218%,MC at 12 months > $100M,"$70,335,730.00 ","$86,664,238.00 ","$289,949,600.66 ","$357,261,681.93 ",$29.32 ,$21.58 
2023,Hivemapper,HIVEMAPPER,10/11/23,"$1,951,503 ","$151,404,034 ","$73,203,613 ","$354,816,413 ",2.70%,42.70%,"$76,677,768 ",DePIN,$0.10 ,$0.10 ,0%,MC at 12 months > $100M,"$163,535,455.00 ","$62,871,811.00 ","$6,134,444,148.74 ","$2,358,409,759.58 ",$0.13 ,$0.01 
2023,Aerodrome,AERODROME,10/13/23,"$2,289,157 ","$830,239,304 ","$11,928,250 ","$1,669,141,816 ",19.20%,49.70%,"$416,264,231 ",Exchange (CEX/DEX),$0.10 ,$1.30 ,1200%,MC at 12 months > $100M,"$741,092,262.00 ","$828,779,995.00 ","$3,861,654,650.25 ","$4,318,574,468.84 ",$1.84 ,$0.92 
2023,Polygon,MATIC,10/26/23,"$37,659,317 ","$2,450,541,722 ","$6,341,570,726 ","$3,302,839,027 ",0.60%,74.20%,"$1,244,100,520 ",Layer 2 (blockchains-l2),$0.60 ,$0.40 ,-33%,MC at 12 months > $100M,"$6,688,526,134.00 ","$2,061,277,847.00 ","$1,126,301,932,970.81 ","$347,105,053,782.24 ",$0.72 ,$0.20 
2023,Celestia,TIA,10/30/23,"$330,681,036 ","$1,162,157,674 ","$2,301,070,297 ","$5,690,526,461 ",14.40%,20.40%,"$746,419,355 ",Data Availability (other),$2.30 ,$5.30 ,130%,MC at listing > $100M,"$1,768,228,514.00 ","$838,067,783.00 ","$12,304,358,789.64 ","$5,831,761,342.17 ",$9.77 ,$1.01 
2023,Buildonbeam,BUILDONBEAM,11/8/23,"$145,521,236 ","$1,001,893,006 ","$347,413,558 ","$1,175,725,294 ",41.90%,85.20%,"$573,707,121 ",Layer 1 (blockchains-l1),$0.01 ,$0.01 ,0%,MC at listing > $100M,"$1,283,368,097.00 ","$231,405,817.00 ","$3,063,879,122.10 ","$552,452,139.88 ",$0.02 ,$0.00 
2023,Bittensor,BITTENSOR,11/16/23,"$902,684,991 ","$3,823,496,725 ","$910,650,938 ","$10,878,472,787 ",99.10%,35.10%,"$2,363,090,858 ",Layer 1 (blockchains-l1),$161.10 ,$518.00 ,222%,MC at listing > $100M,"$2,651,836,058.00 ","$3,220,026,846.00 ","$2,675,237,782.52 ","$3,248,442,698.10 ",$390.74 ,$335.49 
2023,Pyth,PYTH,11/21/23,"$455,908,153 ","$1,500,873,979 ","$3,010,996,575 ","$4,131,353,943 ",15.10%,36.30%,"$978,391,066 ",Oracle,$0.30 ,$0.40 ,33%,MC at listing > $100M,"$690,751,059.00 ","$466,016,643.00 ","$4,561,991,399.23 ","$3,077,757,014.72 ",$0.46 ,$0.08 
2023,Lukso,LUKSO,11/27/23,"$201,371,035 ","$51,174,508 ","$269,152,189 ","$70,822,712 ",74.80%,72.30%,"$126,272,771 ",Layer 1 (blockchains-l1),$5.90 ,$1.70 ,-71%,MC at listing > $100M,"$107,077,765.00 ","$18,799,402.00 ","$143,119,961.83 ","$25,127,249.31 ",$3.54 ,$0.61 
2023,Jito,JITO,12/6/23,"$279,916,859 ","$478,627,739 ","$2,427,070,430 ","$3,618,982,707 ",11.50%,13.20%,"$379,272,299 ",Liquid Staking,$2.40 ,$3.60 ,50%,MC at listing > $100M,"$454,721,172.00 ","$176,513,007.00 ","$3,942,743,264.55 ","$1,530,488,379.05 ",$3.71 ,$0.43 
2023,Metaplex,METAPLEX,12/6/23,"$40,793,153 ","$286,804,933 ","$107,545,562 ","$378,289,056 ",37.90%,75.80%,"$163,799,043 ",NFT,$0.10 ,$0.40 ,300%,MC at 12 months > $100M,"$156,712,405.00 ","$43,897,877.00 ","$413,150,796.85 ","$115,730,741.69 ",$0.29 ,$0.08 
2023,Xpla,XPLA,12/22/23,"$107,071,297 ","$62,685,535 ","$527,680,548 ","$166,044,091 ",20.30%,37.80%,"$84,878,416 ",Layer 1 (blockchains-l1),$0.30 ,$0.10 ,-67%,MC at listing > $100M,"$58,849,026.00 ","$18,952,389.00 ","$290,026,245.68 ","$93,403,248.99 ",$0.10 ,$0.02 
2024,Xai,XAI,1/8/24,"$168,013,859 ","$170,174,951 ","$596,321,443 ","$353,015,925 ",28.20%,48.20%,"$169,094,405 ",Layer 3 (blockchains-l3),$0.60 ,$0.20 ,-67%,MC at listing > $100M,"$84,755,194.00 ","$33,239,905.00 ","$300,816,491.50 ","$117,976,387.38 ",$0.31 ,$0.02 
2024,Manta,MANTA,1/17/24,"$542,914,329 ","$286,518,449 ","$2,158,155,594 ","$760,624,550 ",25.20%,37.70%,"$414,716,389 ",Layer 2 (blockchains-l2),$2.20 ,$0.80 ,-64%,MC at listing > $100M,"$313,581,816.00 ","$37,884,549.00 ","$1,246,528,806.16 ","$150,596,046.16 ",$0.92 ,$0.08 
2024,Ondo,ONDO,1/19/24,"$283,687,411 ","$4,155,398,857 ","$1,987,061,764 ","$13,090,450,063 ",14.30%,31.70%,"$2,219,543,134 ",RWA / Real-World Assets,$0.20 ,$1.30 ,550%,MC at listing > $100M,"$1,521,000,442.00 ","$1,737,540,032.00 ","$10,653,704,408.92 ","$12,170,435,582.02 ",$1.05 ,$0.36 
2024,Threshold,THRESHOLD,1/20/24,"$285,727,538 ","$265,290,755 ","$329,407,390 ","$292,622,907 ",86.70%,90.70%,"$275,509,147 ",Bridge / Interoperability,$0.01 ,$0.01 ,0%,MC at listing > $100M,"$237,932,528.00 ","$107,795,620.00 ","$274,305,842.53 ","$124,274,594.20 ",$0.02 ,$0.01 
2024,Zkfair,ZKFAIR,1/23/24,"$134,018,317 ","$3,062,705 ","$133,952,759 ","$3,059,970 ",100.00%,100.10%,"$68,540,511 ",Layer 2 (blockchains-l2),$0.01 ,$0.01 ,0%,MC at listing > $100M,"$18,145,522.00 ","$221,844.00 ","$18,136,645.72 ","$221,735.48 ",$0.00 ,$0.00 
2024,Jupiter,JUPITER,1/30/24,"$899,991,947 ","$1,833,142,966 ","$6,625,616,516 ","$7,616,219,293 ",13.60%,24.10%,"$1,366,567,457 ",DEX Aggregator,$0.70 ,$1.10 ,57%,MC at listing > $100M,"$1,473,630,266.00 ","$647,939,313.00 ","$10,848,662,659.07 ","$4,770,039,807.45 ",$1.09 ,$0.20 
2024,Zetachain,ZETACHAIN,1/31/24,"$385,946,344 ","$277,547,244 ","$3,466,930,533 ","$919,027,906 ",11.10%,30.20%,"$331,746,794 ",Layer 1 (blockchains-l1),$1.70 ,$0.40 ,-76%,MC at listing > $100M,"$160,773,655.00 ","$84,162,990.00 ","$1,444,219,130.68 ","$756,030,583.83 ",$0.56 ,$0.07 
2024,Dymension,DYMENSION,2/7/24,"$833,399,451 ","$121,706,213 ","$5,714,744,327 ","$537,875,401 ",14.60%,22.60%,"$477,552,832 ",Layer 1 (blockchains-l1),$5.70 ,$0.50 ,-91%,MC at listing > $100M,"$231,928,682.00 ","$20,010,467.00 ","$1,590,369,561.84 ","$137,214,756.54 ",$1.19 ,$0.04 
2024,Pixels,PIXELS,2/18/24,"$433,264,771 ","$48,936,557 ","$2,784,641,722 ","$317,736,822 ",15.60%,15.40%,"$241,100,664 ",Gaming,$0.60 ,$0.10 ,-83%,MC at listing > $100M,"$110,750,326.00 ","$4,198,910.00 ","$711,804,880.40 ","$26,986,869.82 ",$0.14 ,$0.01 
2024,Starknet,STRK,2/19/24,"$1,398,712,548 ","$569,284,397 ","$19,470,100,168 ","$2,204,995,097 ",7.20%,25.80%,"$983,998,473 ",Layer 2 (blockchains-l2),$1.90 ,$0.20 ,-89%,MC at listing > $100M,"$581,956,360.00 ","$250,249,764.00 ","$8,100,841,476.55 ","$3,483,480,561.51 ",$0.36 ,$0.05 
2024,Aevo,AEVO,3/12/24,"$353,979,345 ","$104,998,571 ","$3,222,647,443 ","$116,498,511 ",11.00%,90.10%,"$229,488,958 ",Derivatives,$3.20 ,$0.10 ,-97%,MC at listing > $100M,"$290,778,911.00 ","$23,364,395.00 ","$2,647,267,212.76 ","$212,710,738.26 ",$0.33 ,$0.03 
2024,Etherfi,ETHERFI,3/17/24,"$364,588,986 ","$159,314,264 ","$3,143,911,273 ","$687,494,387 ",11.60%,23.20%,"$261,951,625 ",Liquid Staking,$3.10 ,$0.70 ,-77%,MC at listing > $100M,"$219,968,109.00 ","$436,327,997.00 ","$1,896,821,473.33 ","$3,762,528,658.76 ",$1.26 ,$0.59 
2024,Virtualsprotocol,VIRTUALSPROTOCOL,3/22/24,"$89,122,646 ","$467,364,302 ","$89,169,215 ","$720,384,705 ",99.90%,64.90%,"$278,243,474 ",Infrastructure,$0.10 ,$0.70 ,600%,MC at 12 months > $100M,"$33,642,985.00 ","$449,992,783.00 ","$33,660,564.37 ","$450,227,916.44 ",$0.03 ,$0.68 
2024,Ethena,ETHENA,4/1/24,"$1,121,772,058 ","$1,960,479,120 ","$11,808,868,891 ","$5,551,317,897 ",9.50%,35.30%,"$1,541,125,589 ",Stablecoin Issuer,$0.80 ,$0.40 ,-50%,MC at listing > $100M,"$698,992,998.00 ","$770,675,303.00 ","$7,358,283,360.90 ","$8,112,881,352.10 ",$0.37 ,$0.09 
2024,Wormhole,WORMHOLE,4/2/24,"$2,392,085,861 ","$230,777,159 ","$13,314,369,490 ","$787,072,756 ",18.00%,29.30%,"$1,311,431,510 ",Infrastructure,$1.30 ,$0.10 ,-92%,MC at listing > $100M,"$788,278,612.00 ","$83,518,794.00 ","$4,387,565,209.24 ","$464,866,291.30 ",$0.31 ,$0.01 
2024,Tensor,TENSOR,4/10/24,"$205,145,497 ","$40,597,708 ","$1,640,366,069 ","$121,345,211 ",12.50%,33.50%,"$122,871,602 ",NFT,$1.60 ,$0.10 ,-94%,MC at listing > $100M,"$38,909,014.00 ","$17,431,827.00 ","$311,120,776.61 ","$139,386,815.45 ",$0.31 ,$0.05 
2024,Safe,SAFE,4/22/24,"$1,009,252,025 ","$246,116,543 ","$2,363,718,084 ","$434,162,467 ",42.70%,56.70%,"$627,684,284 ",Infrastructure,$2.40 ,$0.40 ,-83%,MC at listing > $100M,"$545,822,695.00 ","$116,600,976.00 ","$1,278,343,706.89 ","$273,085,244.08 ",$1.11 ,$0.16 
2024,Friendtech,FRIENDTECH,5/2/24,"$124,814,897 ",N/A,"$124,812,373 ",N/A,100.00%,N/A,N/A,Social,$1.70 ,N/A,N/A,MC at listing > $100M,"$7,784,812.00 ",N/A,"$7,784,654.58 ",N/A,$0.08 ,N/A
2024,Bouncebit,BOUNCEBIT,5/12/24,"$181,273,122 ",N/A,"$929,723,203 ",N/A,19.50%,N/A,N/A,Layer 1 (blockchains-l1),$0.40 ,N/A,N/A,MC at listing > $100M,"$147,912,744.00 ",N/A,"$758,622,726.85 ",N/A,$0.36 ,N/A
2024,Renzo,RENZO,5/15/24,"$132,123,422 ",N/A,"$1,143,152,874 ",N/A,11.60%,N/A,N/A,Liquid Staking,$0.10 ,N/A,N/A,MC at listing > $100M,"$61,415,070.00 ",N/A,"$531,372,959.58 ",N/A,$0.04 ,N/A
2024,Driftprotocol,DRIFTPROTOCOL,5/17/24,"$57,750,234 ",N/A,"$345,588,663 ",N/A,16.70%,N/A,N/A,Derivatives,$0.30 ,N/A,N/A,MC at 12 months > $100M,"$314,136,731.00 ",N/A,"$1,879,855,462.85 ",N/A,$1.23 ,N/A
2024,Mythos,MYTHOS,5/20/24,"$231,514,788 ",N/A,"$468,342,731 ",N/A,49.40%,N/A,N/A,Layer 2 (blockchains-l2),$0.50 ,N/A,N/A,MC at listing > $100M,"$175,853,637.00 ",N/A,"$355,743,031.88 ",N/A,$0.24 ,N/A
2024,Taiko,TAIKO,6/7/24,"$160,408,675 ",N/A,"$2,552,970,490 ",N/A,6.30%,N/A,N/A,Layer 2 (blockchains-l2),$2.60 ,N/A,N/A,MC at listing > $100M,"$199,851,203.00 ",N/A,"$3,180,714,656.80 ",N/A,$2.44 ,N/A
2024,Ionet,IONET,6/10/24,"$396,289,142 ",N/A,"$2,084,589,669 ",N/A,19.00%,N/A,N/A,Infrastructure,$4.20 ,N/A,N/A,MC at listing > $100M,"$391,059,096.00 ",N/A,"$2,057,078,191.38 ",N/A,$3.11 ,N/A
2024,Aethir,AETHIR,6/11/24,"$241,084,770 ",N/A,"$2,648,183,493 ",N/A,9.10%,N/A,N/A,Infrastructure,$0.10 ,N/A,N/A,MC at listing > $100M,"$393,897,986.00 ",N/A,"$4,326,752,554.51 ",N/A,$0.08 ,N/A
2024,Zksyncera,ZKSYNCERA,6/16/24,"$787,604,180 ",N/A,"$4,510,349,364 ",N/A,17.50%,N/A,N/A,Layer 2 (blockchains-l2),$0.20 ,N/A,N/A,MC at listing > $100M,"$849,240,033.00 ",N/A,"$4,863,317,564.83 ",N/A,$0.23 ,N/A
2024,Layerzero,LAYERZERO,6/19/24,"$861,394,188 ",N/A,"$3,441,747,411 ",N/A,25.00%,N/A,N/A,Infrastructure,$3.40 ,N/A,N/A,MC at listing > $100M,"$663,738,135.00 ",N/A,"$2,652,001,882.00 ",N/A,$5.99 ,N/A
2024,Blast,BLAST,6/26/24,"$468,189,025 ",N/A,"$2,724,523,449 ",N/A,17.20%,N/A,N/A,Layer 2 (blockchains-l2),$0.02 ,N/A,N/A,MC at listing > $100M,"$241,010,843.00 ",N/A,"$1,402,509,794.45 ",N/A,$0.01 ,N/A
2024,Merlinchain,MERLINCHAIN,6/26/24,"$102,037,622 ",N/A,"$594,554,962 ",N/A,17.20%,N/A,N/A,Layer 2 (blockchains-l2),$0.30 ,N/A,N/A,MC at listing > $100M,"$126,460,688.00 ",N/A,"$736,863,796.65 ",N/A,$0.26 ,N/A
2024,Gravityalpha,GRAVITYALPHA,7/17/24,"$487,498,713 ",N/A,"$811,926,404 ",N/A,60.00%,N/A,N/A,Layer 2 (blockchains-l2),$0.10 ,N/A,N/A,MC at listing > $100M,"$215,360,335.00 ",N/A,"$358,681,444.07 ",N/A,$0.03 ,N/A
2024,Uxlink,UXLINK,8/8/24,"$28,441,818 ",N/A,"$167,100,585 ",N/A,17.00%,N/A,N/A,Social,$0.20 ,N/A,N/A,MC at 12 months > $100M,"$229,377,320.00 ",N/A,"$1,347,631,306.75 ",N/A,$0.68 ,N/A
2024,Aleo,ALEO,9/18/24,"$576,241,918 ",N/A,"$14,500,000,000 ",N/A,4.00%,N/A,N/A,Layer 1 (blockchains-l1),$2.90 ,N/A,N/A,MC at 12 months > $100M,"$94,838,905.00 ",N/A,"$1,377,310,000.00 ",N/A,$0.28 ,N/A
2024,MakerDAO,MKR,9/23/24,"$1,396,648,945 ",N/A,"$1,591,144,599 ",N/A,87.80%,N/A,N/A,Stablecoin Issuer,$0.10 ,N/A,N/A,MC at 12 months > $100M,"$1,048,674,272.00 ",N/A,"$1,243,901,076.91 ",N/A,"$1,237.00 ",N/A
2024,Eigenlayer,EIGENLAYER,9/30/24,"$742,784,646 ",N/A,"$6,718,733,795 ",N/A,11.10%,N/A,N/A,Liquid Staking,$4.00 ,N/A,N/A,MC at listing > $100M,"$230,568,024.00 ",N/A,"$2,085,564,346.59 ",N/A,$0.95 ,N/A
2024,Debridge,DEBRIDGE,10/16/24,"$66,834,862 ",N/A,"$371,780,453 ",N/A,18.00%,N/A,N/A,Bridge / Interoperability,$0.03 ,N/A,N/A,MC at 12 months > $100M,"$37,876,624.00 ",N/A,"$210,695,257.05 ",N/A,$0.02 ,N/A
2024,Scroll,SCROLL,10/21/24,"$217,834,346 ",N/A,"$1,150,307,738 ",N/A,18.90%,N/A,N/A,Layer 2 (blockchains-l2),$1.20 ,N/A,N/A,MC at listing > $100M,"$47,587,141.00 ",N/A,"$251,291,210.62 ",N/A,$0.25 ,N/A
2024,Grass,GRASS,10/27/24,"$217,751,047 ",N/A,"$899,008,049 ",N/A,24.20%,N/A,N/A,Layer 2 (blockchains-l2),$0.90 ,N/A,N/A,MC at listing > $100M,"$483,141,922.00 ",N/A,"$1,994,702,127.37 ",N/A,$1.75 ,N/A
2024,Kaia,KAIA,10/30/24,"$745,101,310 ",N/A,"$746,266,724 ",N/A,99.80%,N/A,N/A,Layer 1 (blockchains-l1),$0.10 ,N/A,N/A,MC at listing > $100M,"$676,373,575.00 ",N/A,"$677,431,491.85 ",N/A,$0.12 ,N/A
2024,Carv,CARV,11/6/24,"$114,390,870 ",N/A,"$840,523,973 ",N/A,13.60%,N/A,N/A,Infrastructure,$0.80 ,N/A,N/A,MC at listing > $100M,"$91,608,430.00 ",N/A,"$673,122,614.98 ",N/A,$0.36 ,N/A
2024,Maple,MAPLE,11/16/24,"$65,429,037 ",N/A,"$265,909,210 ",N/A,24.60%,N/A,N/A,Lending,$0.20 ,N/A,N/A,MC at 12 months > $100M,"$347,310,711.00 ",N/A,"$1,411,500,474.73 ",N/A,$0.32 ,N/A
2024,Morpho,MORPHO,11/25/24,"$113,675,372 ",N/A,"$944,730,616 ",N/A,12.00%,N/A,N/A,Lending,$0.90 ,N/A,N/A,MC at listing > $100M,"$411,658,934.00 ",N/A,"$3,421,205,415.54 ",N/A,$1.51 ,N/A
2024,Zircuit,ZIRCUIT,11/27/24,"$184,499,073 ",N/A,"$839,308,053 ",N/A,22.00%,N/A,N/A,Layer 2 (blockchains-l2),$0.10 ,N/A,N/A,MC at listing > $100M,"$93,401,986.00 ",N/A,"$424,896,655.26 ",N/A,$0.04 ,N/A
2024,Hyperliquid,HYPERLIQUID,11/28/24,"$2,173,806,563 ",N/A,"$6,512,646,545 ",N/A,33.40%,N/A,N/A,Derivatives,$6.50 ,N/A,N/A,MC at listing > $100M,"$12,031,116,931.00 ",N/A,"$36,044,795,082.89 ",N/A,$36.02 ,N/A
2024,Synfutures,SYNFUTURES,12/5/24,"$127,877,991 ",N/A,"$1,074,650,700 ",N/A,11.90%,N/A,N/A,Derivatives,$0.10 ,N/A,N/A,MC at listing > $100M,"$18,573,923.00 ",N/A,"$156,090,029.23 ",N/A,$0.01 ,N/A
2024,Movement,MOVEMENT,12/8/24,"$1,647,003,778 ",N/A,"$7,296,129,894 ",N/A,22.60%,N/A,N/A,Layer 1 (blockchains-l1),$0.70 ,N/A,N/A,MC at listing > $100M,"$366,787,097.00 ",N/A,"$1,624,845,272.91 ",N/A,$0.14 ,N/A
2024,Magiceden,MAGICEDEN,12/11/24,"$694,780,422 ",N/A,"$5,323,697,409 ",N/A,13.10%,N/A,N/A,NFT,$5.30 ,N/A,N/A,MC at listing > $100M,"$138,783,459.00 ",N/A,"$1,063,416,753.98 ",N/A,$0.92 ,N/A
2024,Usual,USUAL,12/17/24,"$447,700,830 ",N/A,"$456,201,897 ",N/A,98.10%,N/A,N/A,Stablecoin Issuer,$1.00 ,N/A,N/A,MC at listing > $100M,"$87,539,022.00 ",N/A,"$89,201,237.13 ",N/A,$0.09 ,N/A
2024,Vana,VANA,12/17/24,"$550,220,667 ",N/A,"$2,130,420,256 ",N/A,25.80%,N/A,N/A,Layer 1 (blockchains-l1),$17.80 ,N/A,N/A,MC at listing > $100M,"$159,544,879.00 ",N/A,"$617,747,864.35 ",N/A,$5.18 ,N/A
2024,Fuelnetwork,FUELNETWORK,12/18/24,"$174,377,929 ",N/A,"$492,143,512 ",N/A,35.40%,N/A,N/A,Layer 2 (blockchains-l2),$0.10 ,N/A,N/A,MC at listing > $100M,"$48,224,041.00 ",N/A,"$136,101,793.60 ",N/A,$0.01 ,N/A
2024,Redbellynetwork,REDBELLYNETWORK,12/18/24,"$286,432,387 ",N/A,"$2,805,457,964 ",N/A,10.20%,N/A,N/A,Layer 1 (blockchains-l1),$0.30 ,N/A,N/A,MC at listing > $100M,"$21,017,605.00 ",N/A,"$205,856,634.96 ",N/A,$0.02 ,N/A
2025,Sonic,SONIC,1/3/25,"$3,144,502,271 ",N/A,"$3,141,873,303 ",N/A,100.10%,N/A,N/A,Layer 1 (blockchains-l1),$1.00 ,N/A,N/A,MC at listing > $100M,"$1,047,208,327.00 ",N/A,"$1,046,332,806.19 ",N/A,$0.32 ,N/A
2025,Solv,SOLV,1/16/25,"$198,492,121 ",N/A,"$1,102,972,053 ",N/A,18.00%,N/A,N/A,Liquid Staking,$0.10 ,N/A,N/A,MC at listing > $100M,"$64,077,586.00 ",N/A,"$356,063,435.80 ",N/A,$0.04 ,N/A
2025,Plumenetwork,PLUMENETWORK,1/20/25,"$307,027,730 ",N/A,"$1,535,138,652 ",N/A,20.00%,N/A,N/A,Layer 1 (blockchains-l1),$0.20 ,N/A,N/A,MC at listing > $100M,"$276,913,999.00 ",N/A,"$1,384,569,996.80 ",N/A,$0.11 ,N/A
2025,Venice,VENICE,1/28/25,"$234,090,917 ",N/A,"$920,945,464 ",N/A,25.40%,N/A,N/A,Infrastructure,$9.20 ,N/A,N/A,MC at listing > $100M,"$111,315,946.00 ",N/A,"$437,932,051.59 ",N/A,$3.43 ,N/A
2025,Coreum,COREUM,2/3/25,"$120,902,861 ",N/A,"$121,093,784 ",N/A,99.80%,N/A,N/A,Layer 1 (blockchains-l1),$0.20 ,N/A,N/A,MC at listing > $100M,"$101,581,130.00 ",N/A,"$101,741,541.21 ",N/A,$0.16 ,N/A
2025,Berachain,BERACHAIN,2/5/25,"$917,570,038 ",N/A,"$4,291,110,336 ",N/A,21.40%,N/A,N/A,Layer 1 (blockchains-l1),$8.60 ,N/A,N/A,MC at listing > $100M,"$231,801,295.00 ",N/A,"$1,084,042,516.30 ",N/A,$1.89 ,N/A
2025,B3,B3,2/9/25,"$110,064,061 ",N/A,"$533,078,835 ",N/A,20.60%,N/A,N/A,Layer 3 (blockchains-l3),$0.01 ,N/A,N/A,MC at listing > $100M,"$91,217,792.00 ",N/A,"$441,799,746.88 ",N/A,$0.00 ,N/A
2025,Solayer,SOLAYER,2/10/25,"$223,493,735 ",N/A,"$1,030,056,534 ",N/A,21.70%,N/A,N/A,Liquid Staking,$1.00 ,N/A,N/A,MC at listing > $100M,"$135,366,581.00 ",N/A,"$623,888,769.16 ",N/A,$0.65 ,N/A
2025,Kaito,KAITO,2/19/25,"$402,098,894 ",N/A,"$1,665,772,172 ",N/A,24.10%,N/A,N/A,Infrastructure,$1.70 ,N/A,N/A,MC at listing > $100M,"$257,448,134.00 ",N/A,"$1,066,528,517.61 ",N/A,$1.07 ,N/A
2025,Lamina1,LAMINA1,2/22/25,"$115,964,622 ",N/A,"$115,958,262 ",N/A,100.00%,N/A,N/A,Layer 1 (blockchains-l1),$0.10 ,N/A,N/A,MC at listing > $100M,"$1,091,877.00 ",N/A,"$1,091,817.12 ",N/A,$0.01 ,N/A
2025,Redstone,REDSTONE,3/5/25,"$191,275,065 ",N/A,"$683,053,679 ",N/A,28.00%,N/A,N/A,Oracle,$0.70 ,N/A,N/A,MC at listing > $100M,"$113,722,481.00 ",N/A,"$406,109,175.98 ",N/A,$0.41 ,N/A
2025,Nillion,NILLION,3/23/25,"$140,859,439 ",N/A,"$727,038,786 ",N/A,19.40%,N/A,N/A,Layer 1 (blockchains-l1),$0.70 ,N/A,N/A,MC at listing > $100M,"$61,411,685.00 ",N/A,"$316,973,269.42 ",N/A,$0.31 ,N/A
2025,Walrus,WALRUS,3/26/25,"$691,894,644 ",N/A,"$2,736,764,426 ",N/A,25.30%,N/A,N/A,Infrastructure,$0.50 ,N/A,N/A,MC at listing > $100M,"$533,538,460.00 ",N/A,"$2,110,392,225.02 ",N/A,$0.37 ,N/A
2025,Babylon,BABYLON,4/9/25,"$195,057,154 ",N/A,"$851,138,333 ",N/A,22.90%,N/A,N/A,Layer 1 (blockchains-l1),$0.10 ,N/A,N/A,MC at listing > $100M,"$131,621,723.00 ",N/A,"$574,335,734.95 ",N/A,$0.05 ,N/A
2025,Initia,INITIA,4/23/25,"$110,739,177 ",N/A,"$745,889,953 ",N/A,14.80%,N/A,N/A,Layer 1 (blockchains-l1),$0.70 ,N/A,N/A,MC at listing > $100M,"$26,739,948.00 ",N/A,"$180,108,423.21 ",N/A,$0.16 ,N/A
2025,Sophon,SOPHON,5/27/25,"$133,026,710 ",N/A,"$664,056,263 ",N/A,20.00%,N/A,N/A,Layer 2 (blockchains-l2),$0.10 ,N/A,N/A,MC at listing > $100M,"$34,115,397.00 ",N/A,"$170,300,709.10 ",N/A,$0.02 ,N/A
2025,Pumpfun,PUMPFUN,7/13/25,"$2,066,813,469 ",N/A,"$5,838,724,864 ",N/A,35.40%,N/A,N/A,Exchange (CEX/DEX),$0.01 ,N/A,N/A,MC at listing > $100M,"$1,431,435,772.00 ",N/A,"$4,043,789,997.77 ",N/A,$0.00 ,N/A
2025,Treehousefinance,TREEHOUSEFINANCE,7/28/25,"$105,200,315 ",N/A,"$674,037,627 ",N/A,15.60%,N/A,N/A,Liquid Staking,$0.70 ,N/A,N/A,MC at listing > $100M,"$14,398,604.00 ",N/A,"$92,254,484.91 ",N/A,$0.09 ,N/A
2025,Centrifuge,CENTRIFUGE,8/6/25,"$160,322,353 ",N/A,"$193,451,820 ",N/A,82.90%,N/A,N/A,RWA / Real-World Assets,$0.30 ,N/A,N/A,MC at listing > $100M,"$40,767,954.00 ",N/A,"$49,192,359.96 ",N/A,$0.07 ,N/A
2025,Worldlibertyfinancial,WORLDLIBERTYFINANCIAL,8/31/25,"$6,656,403,821 ",N/A,"$23,382,691,936 ",N/A,28.50%,N/A,N/A,Stablecoin Issuer,$0.20 ,N/A,N/A,MC at listing > $100M,"$3,069,810,990.00 ",N/A,"$10,783,667,369.23 ",N/A,$0.11 ,N/A
2025,Linea,LINEA,9/9/25,"$368,147,063 ",N/A,"$1,711,931,562 ",N/A,21.50%,N/A,N/A,Layer 2 (blockchains-l2),$0.02 ,N/A,N/A,MC at listing > $100M,"$69,506,348.00 ",N/A,"$323,213,527.58 ",N/A,$0.00 ,N/A
2025,Lombard,LOMBARD,9/17/25,"$236,521,024 ",N/A,"$1,051,558,573 ",N/A,22.50%,N/A,N/A,Liquid Staking,$1.10 ,N/A,N/A,MC at listing > $100M,"$775,159,878.00 ",N/A,"$3,446,315,263.53 ",N/A,"$74,885.84 ",N/A
2025,Syndicate,SYNDICATE,9/17/25,"$451,787,047 ",N/A,"$943,506,805 ",N/A,47.90%,N/A,N/A,Social,$0.90 ,N/A,N/A,MC at listing > $100M,"$21,835,749.00 ",N/A,"$45,601,523.79 ",N/A,$0.05 ,N/A
2025,Aster,ASTER,9/18/25,"$1,458,418,856 ",N/A,"$7,025,067,081 ",N/A,20.80%,N/A,N/A,Derivatives,$0.90 ,N/A,N/A,MC at listing > $100M,"$1,861,174,733.00 ",N/A,"$8,965,104,431.42 ",N/A,$0.76 ,N/A
2025,0Glabs,0GLABS,9/21/25,"$1,006,032,059 ",N/A,"$4,718,786,544 ",N/A,21.30%,N/A,N/A,Layer 1 (blockchains-l1),$4.70 ,N/A,N/A,MC at listing > $100M,"$114,224,315.00 ",N/A,"$535,768,374.18 ",N/A,$0.54 ,N/A
2025,Plasma,PLASMA,9/24/25,"$2,306,436,984 ",N/A,"$12,601,226,222 ",N/A,18.30%,N/A,N/A,Layer 1 (blockchains-l1),$1.30 ,N/A,N/A,MC at listing > $100M,"$216,162,002.00 ",N/A,"$1,181,001,825.20 ",N/A,$0.10 ,N/A
2025,Doublezero,DOUBLEZERO,10/1/25,"$2,100,464,806 ",N/A,"$6,046,915,458 ",N/A,34.70%,N/A,N/A,Infrastructure,$0.60 ,N/A,N/A,MC at listing > $100M,"$279,310,722.00 ",N/A,"$804,092,654.93 ",N/A,$0.08 ,N/A
2025,Htxdao,HTXDAO,10/10/25,"$1,933,755,267 ",N/A,"$1,930,944,092 ",N/A,100.10%,N/A,N/A,Exchange (CEX/DEX),$0.01 ,N/A,N/A,MC at listing > $100M,"$1,607,416,588.00 ",N/A,"$1,605,079,824.19 ",N/A,$0.00 ,N/A
2025,Limitless,LIMITLESS,10/21/25,"$102,599,654 ",N/A,"$292,767,500 ",N/A,35.00%,N/A,N/A,Prediction Markets,$0.30 ,N/A,N/A,MC at listing > $100M,"$105,192.00 ",N/A,"$300,164.74 ",N/A,$0.00 ,N/A
2025,Meteora,METEORA,10/22/25,"$264,579,556 ",N/A,"$552,193,876 ",N/A,47.90%,N/A,N/A,Exchange (CEX/DEX),$0.60 ,N/A,N/A,MC at listing > $100M,"$92,016,603.00 ",N/A,"$192,044,334.17 ",N/A,$0.18 ,N/A
2025,Cantonnetwork,CANTONNETWORK,11/9/25,"$4,148,336,979 ",N/A,"$4,127,575,240 ",N/A,100.50%,N/A,N/A,Layer 1 (blockchains-l1),$0.10 ,N/A,N/A,MC at listing > $100M,N/A,N/A,N/A,N/A,N/A,N/A
2025,Monad,MONAD,11/23/25,"$324,661,243 ",N/A,"$2,997,633,932 ",N/A,10.80%,N/A,N/A,Layer 1 (blockchains-l1),$0.03 ,N/A,N/A,MC at listing > $100M,N/A,N/A,N/A,N/A,N/A,N/A
2025,Stable,STABLE,12/7/25,"$390,966,308 ",N/A,"$2,156,992,130 ",N/A,18.10%,N/A,N/A,Layer 1 (blockchains-l1),$0.02 ,N/A,N/A,MC at listing > $100M,N/A,N/A,N/A,N/A,N/A,N/A
2025,Midnight,MIDNIGHT,12/8/25,"$660,126,838 ",N/A,"$956,633,257 ",N/A,69.00%,N/A,N/A,Layer 1 (blockchains-l1),$0.10 ,N/A,N/A,MC at listing > $100M,N/A,N/A,N/A,N/A,N/A,N/A
2025,Lighter,LIGHTER,12/29/25,"$686,621,472 ",N/A,"$2,727,068,897 ",N/A,25.20%,N/A,N/A,Derivatives,$2.70 ,N/A,N/A,MC at listing > $100M,N/A,N/A,N/A,N/A,N/A,N/A
2026,Flyingtulip,FLYINGTULIP,2/24/26,"$205,011,025 ",N/A,"$993,050,010 ",N/A,20.60%,N/A,N/A,Asset Management,$0.10 ,N/A,N/A,MC at listing > $100M,N/A,N/A,N/A,N/A,N/A,N/A
2026,Edgex,EDGEX,3/30/26,"$138,352,768 ",N/A,"$658,095,611 ",N/A,21.00%,N/A,N/A,Derivatives,$0.70 ,N/A,N/A,MC at listing > $100M,N/A,N/A,N/A,N/A,N/A,N/A